ade2b01f679759022	eval-inventory-only/with_skill
ab2f93f30ee25fc46	eval-inventory-only/old_skill
a7789b5a7ac47341c	eval-data-source-availability-zones/with_skill
a5e0acc994f93b382	eval-data-source-availability-zones/old_skill
ad14c13d98e905697	eval-resource-keypair/with_skill
a4e531f241bd41a5b	eval-resource-keypair/old_skill
ab3755b754def7532	eval-maxitems1-block/with_skill
a61018a058866acb5	eval-maxitems1-block/old_skill
a370d4307df70a724	eval-true-repeating-block/with_skill
a3917992dd26ce1ea	eval-true-repeating-block/old_skill
a07df97c95d216a89	eval-state-upgrade-objectstorage-container/with_skill
ad6f9b3bdbe7e6b77	eval-state-upgrade-objectstorage-container/old_skill
ad780356d6f23b231	eval-defaults-pitfall/with_skill
a50a1ee5a0c9d44dd	eval-defaults-pitfall/old_skill
a5fc7185b350b0a47	eval-mux-refusal/with_skill
ae1fc414445709acf	eval-mux-refusal/old_skill
a403cb99357f03cb0	eval-chained-upgraders/with_skill
a9907e301afa5d41c	eval-chained-upgraders/old_skill
a3a28093b0e95c6cb	eval-cross-attr-validators/with_skill
a7e50eef7b75b3e83	eval-cross-attr-validators/old_skill
a3e54d4cb7e6f97aa	eval-identity/with_skill
a8379140a7c857652	eval-identity/old_skill
ae10d45d91a67bfd7	eval-write-only/with_skill
a8dec4c5cca6e1718	eval-write-only/old_skill
a99458db9b59d3642	eval-timeouts/with_skill
a26b362978b171aa5	eval-timeouts/old_skill
adcfb277c6a056737	eval-do-vpc/with_skill
afee6ca90bf5f7a6d	eval-do-vpc/old_skill
a6dd36f36a8747853	eval-do-certificate/with_skill
af2c08bc99b68ef2f	eval-do-certificate/old_skill
a14970fb6c857dba2	eval-do-database-user/with_skill
ad740d048cf74c947	eval-do-database-user/old_skill
a3e8c5ab766ea1e93	eval-do-firewall/with_skill
abc2d3db1f8c4a5f0	eval-do-firewall/old_skill
a8050d3d3c33a753f	eval-do-logsink-rsyslog/with_skill
a220c121eb23d2d01	eval-do-logsink-rsyslog/old_skill
